split,total_predictions,matched_predictions,unmatched_predictions,matching_rate,overall_accuracy,weighted_f1,badger_accuracy,bird_accuracy,bobcat_accuracy,car_accuracy,cat_accuracy,coyote_accuracy,deer_accuracy,dog_accuracy,opossum_accuracy,rabbit_accuracy,raccoon_accuracy,rodent_accuracy,skunk_accuracy,squirrel_accuracy
cis_test,12286,11948,338,0.9724890118834446,0.9771509876129896,0.9770704682232738,0.0,0.9865546218487395,0.9771754636233951,1.0,0.9646464646464646,0.9715596330275229,0.918918918918919,0.9820359281437125,0.9790305010893247,0.9846153846153847,0.9746136865342163,0.967741935483871,0.9797297297297297,0.9491916859122402
